precision,recall,fscore
0.8217487281247987,0.815748031496063,0.8176014073443041
