precision,recall,fscore
0.8208217967682512,0.8094488188976378,0.8125906605097513
