precision,recall,fscore
0.817997837476145,0.8031496062992126,0.8037045763464888
