accuracy,loss,val_accuracy,val_loss,learning_rate
0.6092409491539001,1.0736358165740967,0.7055702805519104,0.7928242683410645,0.0010000000474974513
0.5755775570869446,1.1560810804367065,0.7082228064537048,0.7958222031593323,9.999999747378752e-06
